name,category,startupCostPerAcreMin,startupCostPerAcreMax,annualRevenuePerAcreMin,annualRevenuePerAcreMax,profitMarginMin,profitMarginMax,growingTimeDaysMin,growingTimeDaysMax,laborIntensity,bayAreaSuitability,marketDemand,waterNeeds,soilType,commonPests,commonDiseases,nutrientRequirements,pricePerPoundMin,pricePerPoundMax,harvestFrequency,notes
Microgreens,Specialty Greens,2000,5000,40000,100000,40,60,7,21,High,5,Very High,Low,Well-draining potting mix,"Fungus gnats, aphids","Damping off, powdery mildew","High nitrogen, balanced NPK",20,50,Year-round,"Fastest ROI, perfect for Bay Area restaurants, low water usage, indoor/greenhouse production"
Sunflower Shoots,Specialty Greens,2000,4000,50000,120000,50,65,7,10,High,5,Very High,Low,Well-draining potting mix,"Fungus gnats, aphids",Damping off,"High nitrogen, balanced NPK",25,60,Year-round,"Highest profit microgreen, nutty flavor, large shoots, restaurant favorite, fast growing"
Pea Shoots,Specialty Greens,2000,4500,45000,110000,45,60,10,14,High,5,Very High,Low,Well-draining potting mix,"Fungus gnats, aphids","Damping off, powdery mildew",High nitrogen,20,55,Year-round,"Sweet flavor, high demand, tender shoots, Asian cuisine staple, excellent margins"
Radish Microgreens,Specialty Greens,1800,4000,40000,95000,45,60,5,7,High,5,Very High,Low,Well-draining potting mix,Fungus gnats,Damping off,Balanced NPK,22,50,Year-round,"Fastest growing microgreen, spicy flavor, vibrant color, high turnover, great margins"
Broccoli Microgreens,Specialty Greens,2000,4500,42000,100000,45,58,8,12,High,5,Very High,Low,Well-draining potting mix,"Fungus gnats, aphids",Damping off,High nitrogen,24,52,Year-round,"Superfood status, health benefits, mild flavor, restaurant demand, consistent sales"
Wheatgrass,Specialty Greens,1500,3500,35000,85000,45,55,7,10,Medium-High,5,High,Low,Well-draining potting mix,Fungus gnats,"Damping off, mold",High nitrogen,18,45,Year-round,"Juice bars demand, health food market, easy to grow, detox trend, year-round production"
Basil Microgreens,Specialty Greens,2000,5000,45000,105000,48,62,10,14,High,5,Very High,Low,Well-draining potting mix,"Fungus gnats, aphids","Damping off, fusarium","High nitrogen, warm conditions",28,58,Year-round,"Premium pricing, intense flavor, chef favorite, Italian cuisine, high profit margins"
Cilantro Microgreens,Specialty Greens,1800,4000,38000,90000,45,58,12,18,High,5,Very High,Low,Well-draining potting mix,"Fungus gnats, aphids",Damping off,Moderate nitrogen,20,48,Year-round,"Latin + Asian cuisine, strong flavor, restaurant staple, no bolting issues, consistent demand"
Amaranth Microgreens,Specialty Greens,2200,4500,48000,110000,50,65,8,12,High,5,High,Low,Well-draining potting mix,Fungus gnats,Damping off,High nitrogen,30,65,Year-round,"Stunning red/purple color, nutty flavor, high nutrition, premium pricing, Instagram-worthy"
Arugula Microgreens,Specialty Greens,1800,3800,38000,88000,45,58,7,10,High,5,Very High,Low,Well-draining potting mix,"Flea beetles, aphids",Damping off,Moderate nitrogen,22,48,Year-round,"Peppery flavor, fast growing, salad mix staple, restaurant demand, easy to grow"
Cannabis,Licensed Crops,50000,200000,150000,500000,30,50,90,120,Very High,5,Very High,High,Rich organic soil,"Spider mites, aphids, thrips","Powdery mildew, bud rot, root rot",High phosphorus during flowering,1500,3000,2-3 times/year,"Requires license $50K-$200K+, heavy regulation, high competition, security required"
Gourmet Mushrooms,Mushrooms,10000,20000,60000,100000,35,45,42,70,Medium-High,5,High,Low,Sterilized substrate,"Mites, flies","Trichoderma, green mold, bacterial blotch","Nitrogen-rich substrate, humidity",10,20,Year-round,"Indoor production, year-round harvest, high restaurant demand, controlled environment"
Strawberries,Berries,8000,15000,30000,50000,25,35,120,180,High,5,High,Medium,Sandy loam,"Spider mites, aphids, slugs","Gray mold, powdery mildew, verticillium wilt","Balanced NPK, calcium",3,8,Seasonal to year-round,"Perfect Bay Area climate, U-pick potential, agritourism, coastal fog benefits"
Lavender,Herbs & Flowers,5000,10000,20000,40000,40,50,730,1095,Low-Medium,5,Medium-High,Very Low,"Well-draining, alkaline","Whiteflies, spittlebugs","Root rot (overwatering), fungal diseases","Low nitrogen, well-draining soil",15,30,Multiple/year,"Drought tolerant, value-added products (oil, soap), beautiful, low maintenance"
Saffron,Specialty Spices,15000,25000,30000,60000,50,70,365,365,Medium,4,Medium,Low,Well-draining loam,"Rodents, birds","Corm rot, fusarium","Low to moderate, well-draining",5000,10000,Once/year,"Highest value spice, labor-intensive harvest, October bloom, very high price"
Ginseng,Medicinal Herbs,20000,40000,80000,200000,60,80,1825,2555,Low,3,High,Medium,Rich forest soil,"Slugs, voles","Root rot, blight","High organic matter, shade",50,200,Once after 5-7 years,"Long-term investment, requires 70-80% shade, Asian market demand, very high value"
Goji Berries,Berries,10000,15000,25000,45000,35,45,730,1095,Medium,5,Growing,Low,Well-draining sandy,"Aphids, spider mites","Powdery mildew, root rot","Moderate NPK, drought tolerant",8,15,Annual harvest,"Superfood trend, drought tolerant, dual market (TCM + health), perennial"
Culinary Herbs,Herbs,3000,8000,20000,40000,35,50,60,90,Medium,5,High,Medium,Well-draining loam,"Aphids, whiteflies, spider mites","Powdery mildew, downy mildew","Moderate nitrogen, balanced",4,12,Multiple/year,"Basil, cilantro, mint, oregano, thyme - high restaurant demand, easy to grow"
Bamboo,Specialty Crops,15000,30000,30000,60000,40,60,1095,1825,Low,4,Medium,Medium,Rich moist soil,Few pests,Root rot (poor drainage),High nitrogen for shoots,4,8,Annual shoots,"Edible shoots + construction poles, invasive concerns, containment required"
Specialty Cut Flowers,Flowers,5000,12000,25000,50000,30,40,60,120,High,5,High,Medium,Rich organic soil,"Aphids, thrips, spider mites","Botrytis, powdery mildew, root rot",High phosphorus for blooms,2,8,Seasonal,"Dahlias, ranunculus, peonies - high-end florist market, wedding demand"
Astragalus,Medicinal Herbs,5000,10000,15000,30000,40,50,730,1095,Medium,4,Medium-High,Low,Well-draining sandy,Few pests,Root rot (wet soil),"Low to moderate, drought tolerant",12,25,Once after 2-3 years,"Chinese medicine (Huang Qi), drought tolerant, easy to grow, Asian market"
Reishi Mushroom,Medicinal Mushrooms,15000,25000,50000,100000,45,55,180,365,Medium-High,5,Very High,Low,Hardwood logs/substrate,"Mites, contamination","Green mold, bacterial contamination",Wood-based substrate,30,50,Year-round,"Traditional Chinese medicine (Ling Zhi), controlled environment, very high value"
Schisandra,Medicinal Herbs,8000,12000,20000,35000,40,55,1095,1095,Medium,4,Medium-High,Medium,Rich moist soil,"Aphids, spider mites","Powdery mildew, root rot",Moderate organic matter,15,30,Annual harvest,"Five Flavor Berry (Wu Wei Zi), vining plant, requires trellis, adaptogenic herb"
Jujube,Fruits,10000,15000,20000,40000,40,50,1095,1460,Low,5,Medium-High,Low,Well-draining loam,Few pests,Root rot (overwatering),Low to moderate,3,8,Annual harvest,"Chinese dates (Da Zao), drought tolerant, dual purpose (fresh/dried), low maintenance"
Turmeric,Medicinal Herbs,5000,8000,15000,30000,45,55,270,300,Medium,4,High,Medium,Rich moist soil,"Rhizome fly, aphids","Rhizome rot, leaf spot","High organic matter, warm soil",8,15,Annual harvest,"Trending superfood (Jiang Huang), easy to grow, Asian + health food markets"
Licorice,Medicinal Herbs,4000,8000,12000,25000,35,50,730,1095,Low,4,Medium,Low,Deep sandy loam,Few pests,Root rot (wet soil),"Low nitrogen, deep roots",8,18,Once after 2-3 years,"Chinese medicine (Gan Cao), multiple uses (tea, candy, medicine), drought tolerant"
Chrysanthemum,Flowers & Herbs,3000,6000,15000,25000,40,55,365,365,Medium,5,Medium,Medium,Well-draining loam,"Aphids, leaf miners","Powdery mildew, leaf spot","Moderate NPK, good drainage",12,20,2-3 times/year,"Tea flowers (Ju Hua), ornamental + medicinal, easy to grow, Asian market"
Codonopsis,Medicinal Herbs,6000,10000,18000,35000,45,60,730,1095,Medium,4,Medium-High,Medium,Rich moist soil,"Slugs, aphids","Root rot, blight",High organic matter,15,28,Once after 2-3 years,"Ginseng alternative (Dang Shen), cheaper than ginseng, Asian medicine market"
Shiitake Mushrooms,Mushrooms,8000,15000,45000,75000,35,45,180,365,Medium,5,High,Low,Hardwood logs/sawdust,"Mites, flies","Green mold, contamination","Hardwood substrate, humidity",12,16,Year-round,"Most popular gourmet mushroom, restaurant demand, logs or indoor cultivation"
Oyster Mushrooms,Mushrooms,6000,12000,40000,70000,40,50,42,56,Medium,5,High,Low,Straw/sawdust substrate,"Mites, flies","Green mold, bacterial blotch",Straw or hardwood substrate,10,14,Year-round,"Fastest growing gourmet mushroom, multiple varieties (pearl, golden, pink), easy"
Lion's Mane,Medicinal Mushrooms,10000,18000,50000,80000,40,50,60,90,Medium-High,5,High,Low,Hardwood sawdust,"Mites, contamination","Green mold, contamination","Hardwood substrate, high humidity",15,20,Year-round,"Premium medicinal mushroom, cognitive health benefits, unique appearance, high demand"
Maitake,Mushrooms,12000,20000,55000,85000,35,45,90,180,Medium-High,5,High,Low,Hardwood substrate,"Mites, contamination","Green mold, bacterial issues",Oak substrate preferred,15,20,Year-round,"Hen of the Woods, medicinal properties, premium pricing, requires skill"
Basil,Culinary Herbs,2000,5000,18000,35000,40,55,60,90,Medium,5,Very High,Medium,Rich moist soil,"Aphids, whiteflies, Japanese beetles","Downy mildew, fusarium wilt","High nitrogen, warm soil",8,16,Multiple/year,"Genovese, Thai, Purple varieties, restaurant staple, high turnover, heat-loving"
Cilantro,Culinary Herbs,1500,4000,15000,30000,40,50,45,70,Medium,5,Very High,Medium,Well-draining loam,"Aphids, whiteflies","Powdery mildew, bacterial leaf spot","Moderate nitrogen, cool weather",6,12,Multiple/year,"Cool season herb, Asian + Latin cuisine, bolts in heat, succession planting"
Mint,Culinary Herbs,2000,4000,12000,25000,45,55,365,365,Low,5,High,High,Moist rich soil,"Spider mites, aphids","Rust, powdery mildew","Moderate nitrogen, spreads easily",5,10,Multiple/year,"Peppermint, spearmint varieties, invasive (contain), tea + cocktail demand, perennial"
Rosemary,Culinary Herbs,3000,6000,15000,28000,45,55,365,365,Low,5,High,Low,Well-draining sandy,"Spittlebugs, spider mites","Powdery mildew, root rot","Low nitrogen, Mediterranean",8,15,Year-round,"Perennial Mediterranean herb, drought tolerant, year-round harvest, low maintenance"
Thyme,Culinary Herbs,2500,5000,12000,22000,45,55,365,365,Low,5,High,Low,Well-draining sandy,"Aphids, spider mites","Root rot, gray mold","Low nitrogen, well-draining",8,14,Year-round,"Perennial, drought tolerant, multiple varieties, Mediterranean cuisine, low care"
Parsley,Culinary Herbs,1500,3500,10000,20000,40,50,70,90,Medium,5,High,Medium,Rich moist soil,"Aphids, caterpillars","Leaf spot, powdery mildew",Moderate nitrogen,6,10,Multiple/year,"Flat leaf (Italian) and curly, biennial, cool season, restaurant garnish staple"
Arugula,Specialty Greens,1000,3000,12000,25000,45,55,30,40,Low,5,High,Low,Rich moist soil,"Flea beetles, aphids",Downy mildew,"Moderate nitrogen, cool season",8,16,Multiple/year,"Fast-growing salad green, peppery flavor, restaurant demand, cool season crop"
Kale,Specialty Greens,1500,3500,10000,20000,40,50,60,90,Medium,5,High,Medium,Rich moist soil,"Aphids, cabbage worms","Clubroot, downy mildew","High nitrogen, brassica family",3,6,Multiple harvests,"Superfood green, multiple varieties, cold-hardy, farmers market favorite"
Lettuce Mix,Specialty Greens,2000,4000,15000,30000,40,50,30,60,Medium,5,Very High,Medium,Rich moist soil,"Aphids, slugs","Downy mildew, bottom rot","Moderate nitrogen, cool season",4,10,Multiple/year,"Spring mix, mesclun, restaurant demand, succession planting, cool season"
Cherry Tomatoes,Vegetables,4000,8000,18000,35000,30,40,60,90,High,5,Very High,Medium-High,Rich organic soil,"Hornworms, aphids, whiteflies","Early blight, late blight, fusarium wilt","High phosphorus, calcium",4,8,Seasonal,"Premium varieties, farmers market favorite, U-pick potential, summer crop"
Heirloom Tomatoes,Vegetables,5000,10000,20000,40000,30,40,75,100,High,5,High,Medium-High,Rich organic soil,"Hornworms, aphids, whiteflies","Early blight, late blight, fusarium wilt","High phosphorus, calcium",5,12,Seasonal,"Premium pricing, unique varieties, restaurant demand, flavor over yield"
Hot Peppers,Vegetables,3000,6000,12000,25000,35,45,75,100,Medium,5,High,Medium,Well-draining loam,"Aphids, spider mites","Bacterial spot, phytophthora","Moderate nitrogen, warm soil",3,8,Long season,"Jalape√±o, habanero, Thai, hot sauce market, long harvest season, heat-loving"
Sweet Peppers,Vegetables,4000,7000,15000,28000,30,40,70,90,Medium-High,5,Very High,Medium,Rich loam,"Aphids, thrips","Bacterial spot, blossom end rot","Moderate nitrogen, calcium",3,7,Long season,"Bell peppers, specialty colors, restaurant demand, warm season crop"
Zucchini,Vegetables,2000,4000,8000,18000,30,40,50,65,Medium,5,High,Medium,Rich organic soil,"Squash bugs, cucumber beetles","Powdery mildew, bacterial wilt","High nitrogen, warm soil",2,5,Continuous,"Fast-growing, prolific, farmers market staple, pick small for premium"
Eggplant,Vegetables,3000,6000,12000,22000,30,40,70,90,Medium,5,High,Medium,Rich warm soil,"Flea beetles, aphids","Verticillium wilt, phytophthora","Moderate nitrogen, warm soil",3,7,Long season,"Asian + Italian varieties, restaurant demand, heat-loving, long season"
Green Beans,Vegetables,2000,4000,8000,16000,30,40,50,60,Medium,5,High,Medium,Well-draining loam,"Aphids, Mexican bean beetles","Rust, bacterial blight","Moderate, nitrogen-fixing",3,6,Multiple plantings,"Bush or pole varieties, easy to grow, succession planting, popular vegetable"
Cucumbers,Vegetables,2500,5000,10000,20000,30,40,50,70,Medium,5,Very High,High,Rich moist soil,"Cucumber beetles, aphids","Powdery mildew, downy mildew, bacterial wilt","High nitrogen, warm soil",2,5,Continuous,"Slicing + pickling varieties, trellis to save space, continuous harvest"
Garlic,Bulb Crops,3000,6000,15000,30000,40,50,180,270,Low,5,High,Low,Rich well-draining,"Few pests, maybe aphids","White rot, rust","Moderate nitrogen, fall planting",8,15,Once/year,"Hardneck + softneck, fall planted, scapes also marketable, stores well"
Shallots,Bulb Crops,4000,7000,18000,32000,40,50,90,120,Low,5,High,Low,Rich well-draining,"Thrips, onion maggots","Downy mildew, white rot",Moderate nitrogen,6,12,Once/year,"Premium onion alternative, restaurant demand, French cuisine, stores well"
Artichokes,Perennial Vegetables,5000,10000,20000,35000,35,45,365,365,Medium,5,High,Medium,Rich well-draining,"Aphids, artichoke plume moth","Crown rot, powdery mildew","High nitrogen, Mediterranean",3,8,Annual harvest,"Perfect Bay Area climate, perennial, premium restaurants, April-May harvest"
Asparagus,Perennial Vegetables,8000,15000,15000,30000,30,40,730,1095,Low,5,High,Medium,Deep sandy loam,Asparagus beetles,"Fusarium, rust","Moderate, perennial bed",4,10,Spring harvest only,"Long-term perennial (15-20 years), spring delicacy, patient investment"
Figs,Tree Fruits,6000,12000,18000,35000,40,50,1095,1825,Low,5,High,Low,Well-draining loam,"Fig beetles, birds","Rust, mosaic virus",Low to moderate,5,12,Dual season,"Black Mission, Brown Turkey, Mediterranean climate, dual harvest, drought tolerant"
Pomegranates,Tree Fruits,5000,10000,15000,30000,40,50,1095,1825,Low,5,High,Low,Well-draining,Few pests,"Heart rot, fruit split","Low to moderate, drought tolerant",3,8,Fall harvest,"Wonderful variety, drought tolerant, antioxidant market, ornamental + edible"
Persimmons,Tree Fruits,6000,12000,18000,35000,40,50,1460,2190,Low,5,Medium-High,Low,Well-draining loam,Few pests,Crown gall,"Moderate, well-draining",4,10,Fall harvest,"Fuyu (non-astringent), Asian market demand, beautiful fall color, low maintenance"
Asian Pears,Tree Fruits,7000,14000,20000,38000,35,45,1460,2190,Medium,5,High,Medium,Well-draining loam,"Codling moth, aphids","Fire blight, scab","Moderate, thinning required",3,8,Summer harvest,"Shinseiki, crisp texture, Asian market demand, pollination needs, thinning required"
Blueberries,Berries,8000,15000,20000,35000,30,40,1095,1825,Medium,4,Very High,Medium,Acidic soil (pH 4.5-5.5),"Birds, aphids","Mummy berry, root rot","Acidic soil required, sulfur",5,10,Summer harvest,"Bluecrop, Legacy varieties, requires acidic soil, bird netting needed, antioxidants"
Raspberries,Berries,6000,12000,18000,32000,30,40,730,1095,High,5,High,Medium,Rich moist soil,"Spotted wing drosophila, aphids","Root rot, cane blight",High organic matter,6,12,Summer + fall,"Heritage (everbearing), delicate fruit, high labor, premium pricing, bird protection"
Blackberries,Berries,5000,10000,15000,28000,30,40,730,1095,Medium,5,High,Medium,Rich moist soil,Spotted wing drosophila,"Cane blight, orange rust",High organic matter,5,10,Summer harvest,"Triple Crown (thornless), vigorous growers, less delicate than raspberries"
Passion Fruit,Exotic Fruits,8000,15000,25000,45000,40,50,730,1095,Medium,4,Medium,Medium,Rich well-draining,"Fruit flies, scale","Fusarium wilt, root rot",High potassium,8,15,Year-round in greenhouse,"Frederick variety, vigorous vines, greenhouse for year-round, exotic premium pricing"
Kiwi,Vine Fruits,10000,18000,25000,45000,35,45,1460,2555,Medium,5,Medium-High,Medium,Rich well-draining,Few pests,"Crown rot, root rot","Moderate, needs male pollinator",4,10,Fall harvest,"Hayward (female), needs male plant, vigorous vine, trellis system, storage fruit"
Dragon Fruit,Exotic Fruits,15000,25000,30000,55000,40,50,730,1460,Medium,4,Medium,Low,Well-draining cactus mix,"Ants, scale",Stem rot (overwatering),"Low, cactus care",5,12,Multiple/year,"Exotic cactus fruit, greenhouse recommended, premium pricing, Instagram-worthy"
Hops,Specialty Crops,10000,18000,20000,35000,35,45,365,365,Medium,5,Medium,Medium,Rich well-draining,"Aphids, spider mites","Downy mildew, powdery mildew","High nitrogen, trellis required",10,20,Annual harvest,"Cascade variety, craft brewery market, vigorous vines, requires tall trellis"
Edamame,Vegetables,2000,4000,10000,20000,35,45,75,90,Medium,5,High,Medium,Well-draining loam,"Aphids, bean beetles","Rust, bacterial blight",Nitrogen-fixing legume,3,6,Once/year,"Soybean specialty, Asian market demand, easy to grow, summer crop"
Bok Choy,Asian Vegetables,1500,3500,12000,22000,40,50,45,60,Medium,5,Very High,Medium,Rich moist soil,"Aphids, flea beetles","Clubroot, downy mildew","High nitrogen, cool season",3,6,Multiple/year,"Shanghai variety, Asian market staple, cool season, fast-growing"
Daikon Radish,Asian Vegetables,1200,2500,8000,15000,40,50,50,70,Low,5,High,Low,Loose deep soil,"Flea beetles, aphids",Clubroot,"Moderate, deep soil",2,5,Multiple/year,"Japanese radish, Asian market demand, fast-growing, cool season"
Kabocha Squash,Asian Vegetables,2500,5000,10000,20000,35,45,90,120,Medium,5,High,Medium,Rich warm soil,"Squash bugs, cucumber beetles","Powdery mildew, bacterial wilt","High nitrogen, warm season",2,5,Once/year,"Japanese pumpkin, Asian market demand, stores well, sweet flavor"
Tatsoi,Asian Greens,1200,2800,10000,18000,45,55,30,45,Low,5,High,Low,Rich moist soil,"Flea beetles, aphids","Clubroot, downy mildew","High nitrogen, cool season",4,8,Multiple/year,"Spoon mustard, microgreen or full size, cold-hardy, Asian cuisine"
